Year,Year ending,Age Group,Sex,Harm Caused Flag,Victim Reports
2022,June,0-4,Females,High Harm,118
2022,June,0-4,Females,Low Harm,33
2022,June,0-4,Females,Medium Harm,116
2022,June,0-4,Males,High Harm,117
2022,June,0-4,Males,Low Harm,38
2022,June,0-4,Males,Medium Harm,175
2022,June,0-4,People,High Harm,235
2022,June,0-4,People,Low Harm,71
2022,June,0-4,People,Medium Harm,291
2022,June,5-9,Females,High Harm,277
2022,June,5-9,Females,Low Harm,13
2022,June,5-9,Females,Medium Harm,223
2022,June,5-9,Males,High Harm,175
2022,June,5-9,Males,Low Harm,24
2022,June,5-9,Males,Medium Harm,350
2022,June,5-9,People,High Harm,452
2022,June,5-9,People,Low Harm,37
2022,June,5-9,People,Medium Harm,573
2022,June,10-14,Females,High Harm,1492
2022,June,10-14,Females,Low Harm,155
2022,June,10-14,Females,Medium Harm,957
2022,June,10-14,Males,High Harm,787
2022,June,10-14,Males,Low Harm,475
2022,June,10-14,Males,Medium Harm,966
2022,June,10-14,People,High Harm,2280
2022,June,10-14,People,Low Harm,630
2022,June,10-14,People,Medium Harm,1923
2022,June,15-17,Females,High Harm,1730
2022,June,15-17,Females,Low Harm,380
2022,June,15-17,Females,Medium Harm,978
2022,June,15-17,Males,High Harm,972
2022,June,15-17,Males,Low Harm,884
2022,June,15-17,Males,Medium Harm,892
2022,June,15-17,People,High Harm,2703
2022,June,15-17,People,Low Harm,1264
2022,June,15-17,People,Medium Harm,1871
2022,June,18-19,Females,High Harm,837
2022,June,18-19,Females,Low Harm,948
2022,June,18-19,Females,Medium Harm,828
2022,June,18-19,Males,High Harm,512
2022,June,18-19,Males,Low Harm,1305
2022,June,18-19,Males,Medium Harm,655
2022,June,18-19,People,High Harm,1349
2022,June,18-19,People,Low Harm,2255
2022,June,18-19,People,Medium Harm,1483
2022,June,20-24,Females,High Harm,2031
2022,June,20-24,Females,Low Harm,4334
2022,June,20-24,Females,Medium Harm,2515
2022,June,20-24,Males,High Harm,1475
2022,June,20-24,Males,Low Harm,5608
2022,June,20-24,Males,Medium Harm,2229
2022,June,20-24,People,High Harm,3507
2022,June,20-24,People,Low Harm,9945
2022,June,20-24,People,Medium Harm,4744
2022,June,25-29,Females,High Harm,2157
2022,June,25-29,Females,Low Harm,5922
2022,June,25-29,Females,Medium Harm,3136
2022,June,25-29,Males,High Harm,1930
2022,June,25-29,Males,Low Harm,8010
2022,June,25-29,Males,Medium Harm,2736
2022,June,25-29,People,High Harm,4087
2022,June,25-29,People,Low Harm,13935
2022,June,25-29,People,Medium Harm,5873
2022,June,30-34,Females,High Harm,1833
2022,June,30-34,Females,Low Harm,6044
2022,June,30-34,Females,Medium Harm,3119
2022,June,30-34,Males,High Harm,1751
2022,June,30-34,Males,Low Harm,7977
2022,June,30-34,Males,Medium Harm,2545
2022,June,30-34,People,High Harm,3584
2022,June,30-34,People,Low Harm,14024
2022,June,30-34,People,Medium Harm,5664
2022,June,35-39,Females,High Harm,1558
2022,June,35-39,Females,Low Harm,5257
2022,June,35-39,Females,Medium Harm,2844
2022,June,35-39,Males,High Harm,1553
2022,June,35-39,Males,Low Harm,7419
2022,June,35-39,Males,Medium Harm,2315
2022,June,35-39,People,High Harm,3111
2022,June,35-39,People,Low Harm,12677
2022,June,35-39,People,Medium Harm,5159
2022,June,40-44,Females,High Harm,1176
2022,June,40-44,Females,Low Harm,4601
2022,June,40-44,Females,Medium Harm,2255
2022,June,40-44,Males,High Harm,1255
2022,June,40-44,Males,Low Harm,6280
2022,June,40-44,Males,Medium Harm,1905
2022,June,40-44,People,High Harm,2431
2022,June,40-44,People,Low Harm,10882
2022,June,40-44,People,Medium Harm,4161
2022,June,45-49,Females,High Harm,1007
2022,June,45-49,Females,Low Harm,4292
2022,June,45-49,Females,Medium Harm,1972
2022,June,45-49,Males,High Harm,1080
2022,June,45-49,Males,Low Harm,5737
2022,June,45-49,Males,Medium Harm,1822
2022,June,45-49,People,High Harm,2087
2022,June,45-49,People,Low Harm,10031
2022,June,45-49,People,Medium Harm,3794
2022,June,50-54,Females,High Harm,803
2022,June,50-54,Females,Low Harm,4242
2022,June,50-54,Females,Medium Harm,1663
2022,June,50-54,Males,High Harm,947
2022,June,50-54,Males,Low Harm,5451
2022,June,50-54,Males,Medium Harm,1656
2022,June,50-54,People,High Harm,1750
2022,June,50-54,People,Low Harm,9693
2022,June,50-54,People,Medium Harm,3319
2022,June,55-59,Females,High Harm,512
2022,June,55-59,Females,Low Harm,3133
2022,June,55-59,Females,Medium Harm,1087
2022,June,55-59,Males,High Harm,762
2022,June,55-59,Males,Low Harm,4572
2022,June,55-59,Males,Medium Harm,1412
2022,June,55-59,People,High Harm,1274
2022,June,55-59,People,Low Harm,7706
2022,June,55-59,People,Medium Harm,2499
2022,June,60-64,Females,High Harm,308
2022,June,60-64,Females,Low Harm,2458
2022,June,60-64,Females,Medium Harm,761
2022,June,60-64,Males,High Harm,416
2022,June,60-64,Males,Low Harm,3640
2022,June,60-64,Males,Medium Harm,1004
2022,June,60-64,People,High Harm,724
2022,June,60-64,People,Low Harm,6099
2022,June,60-64,People,Medium Harm,1765
2022,June,65-69,Females,High Harm,229
2022,June,65-69,Females,Low Harm,1664
2022,June,65-69,Females,Medium Harm,427
2022,June,65-69,Males,High Harm,286
2022,June,65-69,Males,Low Harm,2728
2022,June,65-69,Males,Medium Harm,730
2022,June,65-69,People,High Harm,515
2022,June,65-69,People,Low Harm,4392
2022,June,65-69,People,Medium Harm,1157
2022,June,70-74,Females,High Harm,151
2022,June,70-74,Females,Low Harm,1327
2022,June,70-74,Females,Medium Harm,311
2022,June,70-74,Males,High Harm,184
2022,June,70-74,Males,Low Harm,1818
2022,June,70-74,Males,Medium Harm,439
2022,June,70-74,People,High Harm,335
2022,June,70-74,People,Low Harm,3145
2022,June,70-74,People,Medium Harm,750
2022,June,75+,Females,High Harm,226
2022,June,75+,Females,Low Harm,1758
2022,June,75+,Females,Medium Harm,450
2022,June,75+,Males,High Harm,257
2022,June,75+,Males,Low Harm,2131
2022,June,75+,Males,Medium Harm,522
2022,June,75+,People,High Harm,483
2022,June,75+,People,Low Harm,3889
2022,June,75+,People,Medium Harm,972
2022,June,Total,Females,High Harm,16675
2022,June,Total,Females,Low Harm,47238
2022,June,Total,Females,Medium Harm,23971
2022,June,Total,Males,High Harm,14629
2022,June,Total,Males,Low Harm,64923
2022,June,Total,Males,Medium Harm,22661
2022,June,Total,People,High Harm,31503
2022,June,Total,People,Low Harm,114576
2022,June,Total,People,Medium Harm,47178
2021,June,0-4,Females,High Harm,151
2021,June,0-4,Females,Low Harm,23
2021,June,0-4,Females,Medium Harm,134
2021,June,0-4,Males,High Harm,128
2021,June,0-4,Males,Low Harm,45
2021,June,0-4,Males,Medium Harm,172
2021,June,0-4,People,High Harm,279
2021,June,0-4,People,Low Harm,68
2021,June,0-4,People,Medium Harm,306
2021,June,5-9,Females,High Harm,319
2021,June,5-9,Females,Low Harm,22
2021,June,5-9,Females,Medium Harm,248
2021,June,5-9,Males,High Harm,217
2021,June,5-9,Males,Low Harm,34
2021,June,5-9,Males,Medium Harm,358
2021,June,5-9,People,High Harm,536
2021,June,5-9,People,Low Harm,56
2021,June,5-9,People,Medium Harm,606
2021,June,10-14,Females,High Harm,1424
2021,June,10-14,Females,Low Harm,172
2021,June,10-14,Females,Medium Harm,965
2021,June,10-14,Males,High Harm,644
2021,June,10-14,Males,Low Harm,449
2021,June,10-14,Males,Medium Harm,897
2021,June,10-14,People,High Harm,2068
2021,June,10-14,People,Low Harm,622
2021,June,10-14,People,Medium Harm,1863
2021,June,15-17,Females,High Harm,1677
2021,June,15-17,Females,Low Harm,371
2021,June,15-17,Females,Medium Harm,1060
2021,June,15-17,Males,High Harm,934
2021,June,15-17,Males,Low Harm,783
2021,June,15-17,Males,Medium Harm,919
2021,June,15-17,People,High Harm,2613
2021,June,15-17,People,Low Harm,1154
2021,June,15-17,People,Medium Harm,1980
2021,June,18-19,Females,High Harm,844
2021,June,18-19,Females,Low Harm,975
2021,June,18-19,Females,Medium Harm,938
2021,June,18-19,Males,High Harm,544
2021,June,18-19,Males,Low Harm,1246
2021,June,18-19,Males,Medium Harm,708
2021,June,18-19,People,High Harm,1388
2021,June,18-19,People,Low Harm,2221
2021,June,18-19,People,Medium Harm,1646
2021,June,20-24,Females,High Harm,2040
2021,June,20-24,Females,Low Harm,4677
2021,June,20-24,Females,Medium Harm,2674
2021,June,20-24,Males,High Harm,1625
2021,June,20-24,Males,Low Harm,6043
2021,June,20-24,Males,Medium Harm,2388
2021,June,20-24,People,High Harm,3665
2021,June,20-24,People,Low Harm,10726
2021,June,20-24,People,Medium Harm,5062
2021,June,25-29,Females,High Harm,2259
2021,June,25-29,Females,Low Harm,6068
2021,June,25-29,Females,Medium Harm,3112
2021,June,25-29,Males,High Harm,2124
2021,June,25-29,Males,Low Harm,8658
2021,June,25-29,Males,Medium Harm,2937
2021,June,25-29,People,High Harm,4383
2021,June,25-29,People,Low Harm,14731
2021,June,25-29,People,Medium Harm,6050
2021,June,30-34,Females,High Harm,1946
2021,June,30-34,Females,Low Harm,6247
2021,June,30-34,Females,Medium Harm,3246
2021,June,30-34,Males,High Harm,1970
2021,June,30-34,Males,Low Harm,8567
2021,June,30-34,Males,Medium Harm,2567
2021,June,30-34,People,High Harm,3916
2021,June,30-34,People,Low Harm,14821
2021,June,30-34,People,Medium Harm,5813
2021,June,35-39,Females,High Harm,1660
2021,June,35-39,Females,Low Harm,5637
2021,June,35-39,Females,Medium Harm,2779
2021,June,35-39,Males,High Harm,1529
2021,June,35-39,Males,Low Harm,7764
2021,June,35-39,Males,Medium Harm,2261
2021,June,35-39,People,High Harm,3189
2021,June,35-39,People,Low Harm,13404
2021,June,35-39,People,Medium Harm,5040
2021,June,40-44,Females,High Harm,1283
2021,June,40-44,Females,Low Harm,4713
2021,June,40-44,Females,Medium Harm,2320
2021,June,40-44,Males,High Harm,1246
2021,June,40-44,Males,Low Harm,6485
2021,June,40-44,Males,Medium Harm,1931
2021,June,40-44,People,High Harm,2529
2021,June,40-44,People,Low Harm,11198
2021,June,40-44,People,Medium Harm,4251
2021,June,45-49,Females,High Harm,1109
2021,June,45-49,Females,Low Harm,4927
2021,June,45-49,Females,Medium Harm,2059
2021,June,45-49,Males,High Harm,1199
2021,June,45-49,Males,Low Harm,6158
2021,June,45-49,Males,Medium Harm,1865
2021,June,45-49,People,High Harm,2308
2021,June,45-49,People,Low Harm,11086
2021,June,45-49,People,Medium Harm,3924
2021,June,50-54,Females,High Harm,848
2021,June,50-54,Females,Low Harm,4164
2021,June,50-54,Females,Medium Harm,1650
2021,June,50-54,Males,High Harm,944
2021,June,50-54,Males,Low Harm,5603
2021,June,50-54,Males,Medium Harm,1675
2021,June,50-54,People,High Harm,1792
2021,June,50-54,People,Low Harm,9768
2021,June,50-54,People,Medium Harm,3326
2021,June,55-59,Females,High Harm,502
2021,June,55-59,Females,Low Harm,3336
2021,June,55-59,Females,Medium Harm,1093
2021,June,55-59,Males,High Harm,715
2021,June,55-59,Males,Low Harm,4842
2021,June,55-59,Males,Medium Harm,1375
2021,June,55-59,People,High Harm,1217
2021,June,55-59,People,Low Harm,8178
2021,June,55-59,People,Medium Harm,2468
2021,June,60-64,Females,High Harm,318
2021,June,60-64,Females,Low Harm,2560
2021,June,60-64,Females,Medium Harm,706
2021,June,60-64,Males,High Harm,423
2021,June,60-64,Males,Low Harm,3729
2021,June,60-64,Males,Medium Harm,1031
2021,June,60-64,People,High Harm,741
2021,June,60-64,People,Low Harm,6289
2021,June,60-64,People,Medium Harm,1737
2021,June,65-69,Females,High Harm,200
2021,June,65-69,Females,Low Harm,1740
2021,June,65-69,Females,Medium Harm,485
2021,June,65-69,Males,High Harm,265
2021,June,65-69,Males,Low Harm,2722
2021,June,65-69,Males,Medium Harm,658
2021,June,65-69,People,High Harm,465
2021,June,65-69,People,Low Harm,4462
2021,June,65-69,People,Medium Harm,1143
2021,June,70-74,Females,High Harm,117
2021,June,70-74,Females,Low Harm,1248
2021,June,70-74,Females,Medium Harm,288
2021,June,70-74,Males,High Harm,197
2021,June,70-74,Males,Low Harm,1851
2021,June,70-74,Males,Medium Harm,450
2021,June,70-74,People,High Harm,314
2021,June,70-74,People,Low Harm,3099
2021,June,70-74,People,Medium Harm,738
2021,June,75+,Females,High Harm,238
2021,June,75+,Females,Low Harm,1791
2021,June,75+,Females,Medium Harm,431
2021,June,75+,Males,High Harm,196
2021,June,75+,Males,Low Harm,2112
2021,June,75+,Males,Medium Harm,490
2021,June,75+,People,High Harm,434
2021,June,75+,People,Low Harm,3903
2021,June,75+,People,Medium Harm,921
2021,June,Total,Females,High Harm,17157
2021,June,Total,Females,Low Harm,49433
2021,June,Total,Females,Medium Harm,24535
2021,June,Total,Males,High Harm,15072
2021,June,Total,Males,Low Harm,68042
2021,June,Total,Males,Medium Harm,23015
2021,June,Total,People,High Harm,32425
2021,June,Total,People,Low Harm,120109
2021,June,Total,People,Medium Harm,48074
2020,June,0-4,Females,High Harm,159
2020,June,0-4,Females,Low Harm,35
2020,June,0-4,Females,Medium Harm,115
2020,June,0-4,Males,High Harm,139
2020,June,0-4,Males,Low Harm,44
2020,June,0-4,Males,Medium Harm,191
2020,June,0-4,People,High Harm,299
2020,June,0-4,People,Low Harm,79
2020,June,0-4,People,Medium Harm,307
2020,June,5-9,Females,High Harm,378
2020,June,5-9,Females,Low Harm,33
2020,June,5-9,Females,Medium Harm,231
2020,June,5-9,Males,High Harm,251
2020,June,5-9,Males,Low Harm,29
2020,June,5-9,Males,Medium Harm,324
2020,June,5-9,People,High Harm,630
2020,June,5-9,People,Low Harm,62
2020,June,5-9,People,Medium Harm,555
2020,June,10-14,Females,High Harm,1168
2020,June,10-14,Females,Low Harm,216
2020,June,10-14,Females,Medium Harm,759
2020,June,10-14,Males,High Harm,799
2020,June,10-14,Males,Low Harm,496
2020,June,10-14,Males,Medium Harm,834
2020,June,10-14,People,High Harm,1967
2020,June,10-14,People,Low Harm,712
2020,June,10-14,People,Medium Harm,1594
2020,June,15-17,Females,High Harm,1569
2020,June,15-17,Females,Low Harm,519
2020,June,15-17,Females,Medium Harm,954
2020,June,15-17,Males,High Harm,1207
2020,June,15-17,Males,Low Harm,877
2020,June,15-17,Males,Medium Harm,909
2020,June,15-17,People,High Harm,2776
2020,June,15-17,People,Low Harm,1396
2020,June,15-17,People,Medium Harm,1863
2020,June,18-19,Females,High Harm,896
2020,June,18-19,Females,Low Harm,1305
2020,June,18-19,Females,Medium Harm,889
2020,June,18-19,Males,High Harm,696
2020,June,18-19,Males,Low Harm,1675
2020,June,18-19,Males,Medium Harm,817
2020,June,18-19,People,High Harm,1592
2020,June,18-19,People,Low Harm,2981
2020,June,18-19,People,Medium Harm,1707
2020,June,20-24,Females,High Harm,2251
2020,June,20-24,Females,Low Harm,5997
2020,June,20-24,Females,Medium Harm,2905
2020,June,20-24,Males,High Harm,1915
2020,June,20-24,Males,Low Harm,7688
2020,June,20-24,Males,Medium Harm,2752
2020,June,20-24,People,High Harm,4166
2020,June,20-24,People,Low Harm,13690
2020,June,20-24,People,Medium Harm,5657
2020,June,25-29,Females,High Harm,2352
2020,June,25-29,Females,Low Harm,7663
2020,June,25-29,Females,Medium Harm,3358
2020,June,25-29,Males,High Harm,2210
2020,June,25-29,Males,Low Harm,10297
2020,June,25-29,Males,Medium Harm,3121
2020,June,25-29,People,High Harm,4562
2020,June,25-29,People,Low Harm,17966
2020,June,25-29,People,Medium Harm,6479
2020,June,30-34,Females,High Harm,1965
2020,June,30-34,Females,Low Harm,7373
2020,June,30-34,Females,Medium Harm,3184
2020,June,30-34,Males,High Harm,1908
2020,June,30-34,Males,Low Harm,10318
2020,June,30-34,Males,Medium Harm,2795
2020,June,30-34,People,High Harm,3873
2020,June,30-34,People,Low Harm,17694
2020,June,30-34,People,Medium Harm,5979
2020,June,35-39,Females,High Harm,1643
2020,June,35-39,Females,Low Harm,6554
2020,June,35-39,Females,Medium Harm,2837
2020,June,35-39,Males,High Harm,1670
2020,June,35-39,Males,Low Harm,9514
2020,June,35-39,Males,Medium Harm,2476
2020,June,35-39,People,High Harm,3313
2020,June,35-39,People,Low Harm,16069
2020,June,35-39,People,Medium Harm,5313
2020,June,40-44,Females,High Harm,1262
2020,June,40-44,Females,Low Harm,5823
2020,June,40-44,Females,Medium Harm,2337
2020,June,40-44,Males,High Harm,1357
2020,June,40-44,Males,Low Harm,7637
2020,June,40-44,Males,Medium Harm,2039
2020,June,40-44,People,High Harm,2619
2020,June,40-44,People,Low Harm,13461
2020,June,40-44,People,Medium Harm,4376
2020,June,45-49,Females,High Harm,1190
2020,June,45-49,Females,Low Harm,5904
2020,June,45-49,Females,Medium Harm,2184
2020,June,45-49,Males,High Harm,1307
2020,June,45-49,Males,Low Harm,7680
2020,June,45-49,Males,Medium Harm,2083
2020,June,45-49,People,High Harm,2497
2020,June,45-49,People,Low Harm,13585
2020,June,45-49,People,Medium Harm,4267
2020,June,50-54,Females,High Harm,784
2020,June,50-54,Females,Low Harm,4921
2020,June,50-54,Females,Medium Harm,1591
2020,June,50-54,Males,High Harm,992
2020,June,50-54,Males,Low Harm,6722
2020,June,50-54,Males,Medium Harm,1854
2020,June,50-54,People,High Harm,1776
2020,June,50-54,People,Low Harm,11644
2020,June,50-54,People,Medium Harm,3445
2020,June,55-59,Females,High Harm,525
2020,June,55-59,Females,Low Harm,3988
2020,June,55-59,Females,Medium Harm,1139
2020,June,55-59,Males,High Harm,734
2020,June,55-59,Males,Low Harm,5696
2020,June,55-59,Males,Medium Harm,1489
2020,June,55-59,People,High Harm,1259
2020,June,55-59,People,Low Harm,9685
2020,June,55-59,People,Medium Harm,2628
2020,June,60-64,Females,High Harm,354
2020,June,60-64,Females,Low Harm,3015
2020,June,60-64,Females,Medium Harm,743
2020,June,60-64,Males,High Harm,457
2020,June,60-64,Males,Low Harm,4660
2020,June,60-64,Males,Medium Harm,1106
2020,June,60-64,People,High Harm,811
2020,June,60-64,People,Low Harm,7675
2020,June,60-64,People,Medium Harm,1849
2020,June,65-69,Females,High Harm,235
2020,June,65-69,Females,Low Harm,2084
2020,June,65-69,Females,Medium Harm,524
2020,June,65-69,Males,High Harm,285
2020,June,65-69,Males,Low Harm,3439
2020,June,65-69,Males,Medium Harm,720
2020,June,65-69,People,High Harm,520
2020,June,65-69,People,Low Harm,5523
2020,June,65-69,People,Medium Harm,1244
2020,June,70-74,Females,High Harm,164
2020,June,70-74,Females,Low Harm,1570
2020,June,70-74,Females,Medium Harm,353
2020,June,70-74,Males,High Harm,199
2020,June,70-74,Males,Low Harm,2297
2020,June,70-74,Males,Medium Harm,512
2020,June,70-74,People,High Harm,363
2020,June,70-74,People,Low Harm,3867
2020,June,70-74,People,Medium Harm,865
2020,June,75+,Females,High Harm,296
2020,June,75+,Females,Low Harm,2070
2020,June,75+,Females,Medium Harm,451
2020,June,75+,Males,High Harm,199
2020,June,75+,Males,Low Harm,2523
2020,June,75+,Males,Medium Harm,559
2020,June,75+,People,High Harm,495
2020,June,75+,People,Low Harm,4596
2020,June,75+,People,Medium Harm,1012
2020,June,Total,Females,High Harm,17441
2020,June,Total,Females,Low Harm,60073
2020,June,Total,Females,Medium Harm,24881
2020,June,Total,Males,High Harm,16543
2020,June,Total,Males,Low Harm,82815
2020,June,Total,Males,Medium Harm,24922
2020,June,Total,People,High Harm,34151
2020,June,Total,People,Low Harm,145458
2020,June,Total,People,Medium Harm,50254
2019,June,0-4,Females,High Harm,175
2019,June,0-4,Females,Low Harm,32
2019,June,0-4,Females,Medium Harm,143
2019,June,0-4,Males,High Harm,155
2019,June,0-4,Males,Low Harm,37
2019,June,0-4,Males,Medium Harm,166
2019,June,0-4,People,High Harm,331
2019,June,0-4,People,Low Harm,69
2019,June,0-4,People,Medium Harm,309
2019,June,5-9,Females,High Harm,340
2019,June,5-9,Females,Low Harm,16
2019,June,5-9,Females,Medium Harm,237
2019,June,5-9,Males,High Harm,271
2019,June,5-9,Males,Low Harm,33
2019,June,5-9,Males,Medium Harm,399
2019,June,5-9,People,High Harm,611
2019,June,5-9,People,Low Harm,49
2019,June,5-9,People,Medium Harm,636
2019,June,10-14,Females,High Harm,1258
2019,June,10-14,Females,Low Harm,174
2019,June,10-14,Females,Medium Harm,865
2019,June,10-14,Males,High Harm,724
2019,June,10-14,Males,Low Harm,450
2019,June,10-14,Males,Medium Harm,849
2019,June,10-14,People,High Harm,1982
2019,June,10-14,People,Low Harm,624
2019,June,10-14,People,Medium Harm,1714
2019,June,15-17,Females,High Harm,1649
2019,June,15-17,Females,Low Harm,449
2019,June,15-17,Females,Medium Harm,1036
2019,June,15-17,Males,High Harm,1056
2019,June,15-17,Males,Low Harm,884
2019,June,15-17,Males,Medium Harm,958
2019,June,15-17,People,High Harm,2705
2019,June,15-17,People,Low Harm,1334
2019,June,15-17,People,Medium Harm,1994
2019,June,18-19,Females,High Harm,948
2019,June,18-19,Females,Low Harm,1395
2019,June,18-19,Females,Medium Harm,845
2019,June,18-19,Males,High Harm,717
2019,June,18-19,Males,Low Harm,1699
2019,June,18-19,Males,Medium Harm,826
2019,June,18-19,People,High Harm,1665
2019,June,18-19,People,Low Harm,3094
2019,June,18-19,People,Medium Harm,1671
2019,June,20-24,Females,High Harm,2301
2019,June,20-24,Females,Low Harm,5938
2019,June,20-24,Females,Medium Harm,2947
2019,June,20-24,Males,High Harm,1935
2019,June,20-24,Males,Low Harm,7503
2019,June,20-24,Males,Medium Harm,2797
2019,June,20-24,People,High Harm,4236
2019,June,20-24,People,Low Harm,13444
2019,June,20-24,People,Medium Harm,5745
2019,June,25-29,Females,High Harm,2308
2019,June,25-29,Females,Low Harm,7183
2019,June,25-29,Females,Medium Harm,3253
2019,June,25-29,Males,High Harm,2085
2019,June,25-29,Males,Low Harm,9661
2019,June,25-29,Males,Medium Harm,3071
2019,June,25-29,People,High Harm,4394
2019,June,25-29,People,Low Harm,16847
2019,June,25-29,People,Medium Harm,6325
2019,June,30-34,Females,High Harm,1904
2019,June,30-34,Females,Low Harm,6610
2019,June,30-34,Females,Medium Harm,2986
2019,June,30-34,Males,High Harm,1837
2019,June,30-34,Males,Low Harm,9848
2019,June,30-34,Males,Medium Harm,2816
2019,June,30-34,People,High Harm,3741
2019,June,30-34,People,Low Harm,16471
2019,June,30-34,People,Medium Harm,5803
2019,June,35-39,Females,High Harm,1577
2019,June,35-39,Females,Low Harm,5907
2019,June,35-39,Females,Medium Harm,2646
2019,June,35-39,Males,High Harm,1509
2019,June,35-39,Males,Low Harm,8680
2019,June,35-39,Males,Medium Harm,2362
2019,June,35-39,People,High Harm,3088
2019,June,35-39,People,Low Harm,14601
2019,June,35-39,People,Medium Harm,5009
2019,June,40-44,Females,High Harm,1244
2019,June,40-44,Females,Low Harm,5384
2019,June,40-44,Females,Medium Harm,2222
2019,June,40-44,Males,High Harm,1269
2019,June,40-44,Males,Low Harm,7360
2019,June,40-44,Males,Medium Harm,2013
2019,June,40-44,People,High Harm,2513
2019,June,40-44,People,Low Harm,12757
2019,June,40-44,People,Medium Harm,4235
2019,June,45-49,Females,High Harm,1210
2019,June,45-49,Females,Low Harm,5374
2019,June,45-49,Females,Medium Harm,2082
2019,June,45-49,Males,High Harm,1228
2019,June,45-49,Males,Low Harm,7226
2019,June,45-49,Males,Medium Harm,2030
2019,June,45-49,People,High Harm,2438
2019,June,45-49,People,Low Harm,12608
2019,June,45-49,People,Medium Harm,4112
2019,June,50-54,Females,High Harm,788
2019,June,50-54,Females,Low Harm,4405
2019,June,50-54,Females,Medium Harm,1551
2019,June,50-54,Males,High Harm,968
2019,June,50-54,Males,Low Harm,6271
2019,June,50-54,Males,Medium Harm,1709
2019,June,50-54,People,High Harm,1756
2019,June,50-54,People,Low Harm,10686
2019,June,50-54,People,Medium Harm,3260
2019,June,55-59,Females,High Harm,518
2019,June,55-59,Females,Low Harm,3652
2019,June,55-59,Females,Medium Harm,1017
2019,June,55-59,Males,High Harm,696
2019,June,55-59,Males,Low Harm,5584
2019,June,55-59,Males,Medium Harm,1401
2019,June,55-59,People,High Harm,1215
2019,June,55-59,People,Low Harm,9252
2019,June,55-59,People,Medium Harm,2420
2019,June,60-64,Females,High Harm,330
2019,June,60-64,Females,Low Harm,2759
2019,June,60-64,Females,Medium Harm,689
2019,June,60-64,Males,High Harm,422
2019,June,60-64,Males,Low Harm,4231
2019,June,60-64,Males,Medium Harm,970
2019,June,60-64,People,High Harm,752
2019,June,60-64,People,Low Harm,6992
2019,June,60-64,People,Medium Harm,1659
2019,June,65-69,Females,High Harm,199
2019,June,65-69,Females,Low Harm,1920
2019,June,65-69,Females,Medium Harm,444
2019,June,65-69,Males,High Harm,266
2019,June,65-69,Males,Low Harm,2996
2019,June,65-69,Males,Medium Harm,681
2019,June,65-69,People,High Harm,465
2019,June,65-69,People,Low Harm,4923
2019,June,65-69,People,Medium Harm,1126
2019,June,70-74,Females,High Harm,144
2019,June,70-74,Females,Low Harm,1323
2019,June,70-74,Females,Medium Harm,323
2019,June,70-74,Males,High Harm,136
2019,June,70-74,Males,Low Harm,2153
2019,June,70-74,Males,Medium Harm,430
2019,June,70-74,People,High Harm,280
2019,June,70-74,People,Low Harm,3486
2019,June,70-74,People,Medium Harm,754
2019,June,75+,Females,High Harm,264
2019,June,75+,Females,Low Harm,1748
2019,June,75+,Females,Medium Harm,365
2019,June,75+,Males,High Harm,187
2019,June,75+,Males,Low Harm,2097
2019,June,75+,Males,Medium Harm,433
2019,June,75+,People,High Harm,451
2019,June,75+,People,Low Harm,3851
2019,June,75+,People,Medium Harm,799
2019,June,Total,Females,High Harm,17368
2019,June,Total,Females,Low Harm,55319
2019,June,Total,Females,Medium Harm,24007
2019,June,Total,Males,High Harm,15653
2019,June,Total,Males,Low Harm,77906
2019,June,Total,Males,Medium Harm,24242
2019,June,Total,People,High Harm,33227
2019,June,Total,People,Low Harm,135879
2019,June,Total,People,Medium Harm,48857
2018,June,0-4,Females,High Harm,216
2018,June,0-4,Females,Low Harm,23
2018,June,0-4,Females,Medium Harm,169
2018,June,0-4,Males,High Harm,188
2018,June,0-4,Males,Low Harm,29
2018,June,0-4,Males,Medium Harm,194
2018,June,0-4,People,High Harm,404
2018,June,0-4,People,Low Harm,52
2018,June,0-4,People,Medium Harm,363
2018,June,5-9,Females,High Harm,388
2018,June,5-9,Females,Low Harm,14
2018,June,5-9,Females,Medium Harm,317
2018,June,5-9,Males,High Harm,357
2018,June,5-9,Males,Low Harm,34
2018,June,5-9,Males,Medium Harm,440
2018,June,5-9,People,High Harm,745
2018,June,5-9,People,Low Harm,48
2018,June,5-9,People,Medium Harm,757
2018,June,10-14,Females,High Harm,1301
2018,June,10-14,Females,Low Harm,180
2018,June,10-14,Females,Medium Harm,917
2018,June,10-14,Males,High Harm,682
2018,June,10-14,Males,Low Harm,451
2018,June,10-14,Males,Medium Harm,894
2018,June,10-14,People,High Harm,1983
2018,June,10-14,People,Low Harm,631
2018,June,10-14,People,Medium Harm,1811
2018,June,15-17,Females,High Harm,1649
2018,June,15-17,Females,Low Harm,519
2018,June,15-17,Females,Medium Harm,982
2018,June,15-17,Males,High Harm,1055
2018,June,15-17,Males,Low Harm,891
2018,June,15-17,Males,Medium Harm,963
2018,June,15-17,People,High Harm,2704
2018,June,15-17,People,Low Harm,1410
2018,June,15-17,People,Medium Harm,1945
2018,June,18-19,Females,High Harm,839
2018,June,18-19,Females,Low Harm,1443
2018,June,18-19,Females,Medium Harm,839
2018,June,18-19,Males,High Harm,747
2018,June,18-19,Males,Low Harm,1673
2018,June,18-19,Males,Medium Harm,764
2018,June,18-19,People,High Harm,1586
2018,June,18-19,People,Low Harm,3116
2018,June,18-19,People,Medium Harm,1603
2018,June,20-24,Females,High Harm,2169
2018,June,20-24,Females,Low Harm,6263
2018,June,20-24,Females,Medium Harm,2791
2018,June,20-24,Males,High Harm,2013
2018,June,20-24,Males,Low Harm,7579
2018,June,20-24,Males,Medium Harm,2803
2018,June,20-24,People,High Harm,4182
2018,June,20-24,People,Low Harm,13844
2018,June,20-24,People,Medium Harm,5595
2018,June,25-29,Females,High Harm,2225
2018,June,25-29,Females,Low Harm,7449
2018,June,25-29,Females,Medium Harm,3033
2018,June,25-29,Males,High Harm,2168
2018,June,25-29,Males,Low Harm,9868
2018,June,25-29,Males,Medium Harm,2948
2018,June,25-29,People,High Harm,4393
2018,June,25-29,People,Low Harm,17319
2018,June,25-29,People,Medium Harm,5981
2018,June,30-34,Females,High Harm,1812
2018,June,30-34,Females,Low Harm,6977
2018,June,30-34,Females,Medium Harm,2845
2018,June,30-34,Males,High Harm,1824
2018,June,30-34,Males,Low Harm,10184
2018,June,30-34,Males,Medium Harm,2635
2018,June,30-34,People,High Harm,3637
2018,June,30-34,People,Low Harm,17162
2018,June,30-34,People,Medium Harm,5480
2018,June,35-39,Females,High Harm,1588
2018,June,35-39,Females,Low Harm,6186
2018,June,35-39,Females,Medium Harm,2502
2018,June,35-39,Males,High Harm,1476
2018,June,35-39,Males,Low Harm,8538
2018,June,35-39,Males,Medium Harm,2217
2018,June,35-39,People,High Harm,3064
2018,June,35-39,People,Low Harm,14724
2018,June,35-39,People,Medium Harm,4719
2018,June,40-44,Females,High Harm,1312
2018,June,40-44,Females,Low Harm,5544
2018,June,40-44,Females,Medium Harm,2101
2018,June,40-44,Males,High Harm,1261
2018,June,40-44,Males,Low Harm,7642
2018,June,40-44,Males,Medium Harm,1897
2018,June,40-44,People,High Harm,2573
2018,June,40-44,People,Low Harm,13189
2018,June,40-44,People,Medium Harm,3998
2018,June,45-49,Females,High Harm,1151
2018,June,45-49,Females,Low Harm,5540
2018,June,45-49,Females,Medium Harm,1923
2018,June,45-49,Males,High Harm,1317
2018,June,45-49,Males,Low Harm,7588
2018,June,45-49,Males,Medium Harm,1905
2018,June,45-49,People,High Harm,2469
2018,June,45-49,People,Low Harm,13148
2018,June,45-49,People,Medium Harm,3831
2018,June,50-54,Females,High Harm,758
2018,June,50-54,Females,Low Harm,4343
2018,June,50-54,Females,Medium Harm,1369
2018,June,50-54,Males,High Harm,1010
2018,June,50-54,Males,Low Harm,6288
2018,June,50-54,Males,Medium Harm,1625
2018,June,50-54,People,High Harm,1775
2018,June,50-54,People,Low Harm,10672
2018,June,50-54,People,Medium Harm,3005
2018,June,55-59,Females,High Harm,512
2018,June,55-59,Females,Low Harm,3730
2018,June,55-59,Females,Medium Harm,954
2018,June,55-59,Males,High Harm,716
2018,June,55-59,Males,Low Harm,5614
2018,June,55-59,Males,Medium Harm,1342
2018,June,55-59,People,High Harm,1233
2018,June,55-59,People,Low Harm,9395
2018,June,55-59,People,Medium Harm,2309
2018,June,60-64,Females,High Harm,305
2018,June,60-64,Females,Low Harm,2653
2018,June,60-64,Females,Medium Harm,592
2018,June,60-64,Males,High Harm,483
2018,June,60-64,Males,Low Harm,4300
2018,June,60-64,Males,Medium Harm,951
2018,June,60-64,People,High Harm,793
2018,June,60-64,People,Low Harm,6978
2018,June,60-64,People,Medium Harm,1551
2018,June,65-69,Females,High Harm,210
2018,June,65-69,Females,Low Harm,1939
2018,June,65-69,Females,Medium Harm,384
2018,June,65-69,Males,High Harm,287
2018,June,65-69,Males,Low Harm,3253
2018,June,65-69,Males,Medium Harm,602
2018,June,65-69,People,High Harm,500
2018,June,65-69,People,Low Harm,5213
2018,June,65-69,People,Medium Harm,990
2018,June,70-74,Females,High Harm,124
2018,June,70-74,Females,Low Harm,1307
2018,June,70-74,Females,Medium Harm,254
2018,June,70-74,Males,High Harm,159
2018,June,70-74,Males,Low Harm,2125
2018,June,70-74,Males,Medium Harm,405
2018,June,70-74,People,High Harm,284
2018,June,70-74,People,Low Harm,3447
2018,June,70-74,People,Medium Harm,664
2018,June,75+,Females,High Harm,257
2018,June,75+,Females,Low Harm,1642
2018,June,75+,Females,Medium Harm,334
2018,June,75+,Males,High Harm,224
2018,June,75+,Males,Low Harm,1967
2018,June,75+,Males,Medium Harm,407
2018,June,75+,People,High Harm,481
2018,June,75+,People,Low Harm,3640
2018,June,75+,People,Medium Harm,743
2018,June,Total,Females,High Harm,17075
2018,June,Total,Females,Low Harm,56846
2018,June,Total,Females,Medium Harm,22669
2018,June,Total,Males,High Harm,16176
2018,June,Total,Males,Low Harm,79295
2018,June,Total,Males,Medium Harm,23330
2018,June,Total,People,High Harm,33441
2018,June,Total,People,Low Harm,139063
2018,June,Total,People,Medium Harm,46597
2017,June,0-4,Females,High Harm,248
2017,June,0-4,Females,Low Harm,45
2017,June,0-4,Females,Medium Harm,191
2017,June,0-4,Males,High Harm,185
2017,June,0-4,Males,Low Harm,49
2017,June,0-4,Males,Medium Harm,237
2017,June,0-4,People,High Harm,433
2017,June,0-4,People,Low Harm,94
2017,June,0-4,People,Medium Harm,429
2017,June,5-9,Females,High Harm,455
2017,June,5-9,Females,Low Harm,26
2017,June,5-9,Females,Medium Harm,343
2017,June,5-9,Males,High Harm,389
2017,June,5-9,Males,Low Harm,37
2017,June,5-9,Males,Medium Harm,506
2017,June,5-9,People,High Harm,844
2017,June,5-9,People,Low Harm,63
2017,June,5-9,People,Medium Harm,850
2017,June,10-14,Females,High Harm,1344
2017,June,10-14,Females,Low Harm,181
2017,June,10-14,Females,Medium Harm,941
2017,June,10-14,Males,High Harm,760
2017,June,10-14,Males,Low Harm,450
2017,June,10-14,Males,Medium Harm,912
2017,June,10-14,People,High Harm,2105
2017,June,10-14,People,Low Harm,631
2017,June,10-14,People,Medium Harm,1854
2017,June,15-17,Females,High Harm,1566
2017,June,15-17,Females,Low Harm,568
2017,June,15-17,Females,Medium Harm,953
2017,June,15-17,Males,High Harm,834
2017,June,15-17,Males,Low Harm,829
2017,June,15-17,Males,Medium Harm,746
2017,June,15-17,People,High Harm,2400
2017,June,15-17,People,Low Harm,1398
2017,June,15-17,People,Medium Harm,1699
2017,June,18-19,Females,High Harm,758
2017,June,18-19,Females,Low Harm,1529
2017,June,18-19,Females,Medium Harm,857
2017,June,18-19,Males,High Harm,650
2017,June,18-19,Males,Low Harm,1872
2017,June,18-19,Males,Medium Harm,861
2017,June,18-19,People,High Harm,1408
2017,June,18-19,People,Low Harm,3403
2017,June,18-19,People,Medium Harm,1718
2017,June,20-24,Females,High Harm,2164
2017,June,20-24,Females,Low Harm,7092
2017,June,20-24,Females,Medium Harm,2914
2017,June,20-24,Males,High Harm,2092
2017,June,20-24,Males,Low Harm,8392
2017,June,20-24,Males,Medium Harm,2889
2017,June,20-24,People,High Harm,4256
2017,June,20-24,People,Low Harm,15484
2017,June,20-24,People,Medium Harm,5803
2017,June,25-29,Females,High Harm,2139
2017,June,25-29,Females,Low Harm,8078
2017,June,25-29,Females,Medium Harm,3047
2017,June,25-29,Males,High Harm,2308
2017,June,25-29,Males,Low Harm,10718
2017,June,25-29,Males,Medium Harm,3316
2017,June,25-29,People,High Harm,4447
2017,June,25-29,People,Low Harm,18798
2017,June,25-29,People,Medium Harm,6363
2017,June,30-34,Females,High Harm,1829
2017,June,30-34,Females,Low Harm,7580
2017,June,30-34,Females,Medium Harm,2851
2017,June,30-34,Males,High Harm,2062
2017,June,30-34,Males,Low Harm,10890
2017,June,30-34,Males,Medium Harm,3049
2017,June,30-34,People,High Harm,3891
2017,June,30-34,People,Low Harm,18472
2017,June,30-34,People,Medium Harm,5900
2017,June,35-39,Females,High Harm,1604
2017,June,35-39,Females,Low Harm,6707
2017,June,35-39,Females,Medium Harm,2485
2017,June,35-39,Males,High Harm,1631
2017,June,35-39,Males,Low Harm,9166
2017,June,35-39,Males,Medium Harm,2442
2017,June,35-39,People,High Harm,3235
2017,June,35-39,People,Low Harm,15875
2017,June,35-39,People,Medium Harm,4927
2017,June,40-44,Females,High Harm,1309
2017,June,40-44,Females,Low Harm,6548
2017,June,40-44,Females,Medium Harm,2173
2017,June,40-44,Males,High Harm,1441
2017,June,40-44,Males,Low Harm,8584
2017,June,40-44,Males,Medium Harm,2249
2017,June,40-44,People,High Harm,2750
2017,June,40-44,People,Low Harm,15140
2017,June,40-44,People,Medium Harm,4423
2017,June,45-49,Females,High Harm,1251
2017,June,45-49,Females,Low Harm,6051
2017,June,45-49,Females,Medium Harm,2091
2017,June,45-49,Males,High Harm,1386
2017,June,45-49,Males,Low Harm,8316
2017,June,45-49,Males,Medium Harm,2133
2017,June,45-49,People,High Harm,2641
2017,June,45-49,People,Low Harm,14390
2017,June,45-49,People,Medium Harm,4226
2017,June,50-54,Females,High Harm,774
2017,June,50-54,Females,Low Harm,4908
2017,June,50-54,Females,Medium Harm,1409
2017,June,50-54,Males,High Harm,1053
2017,June,50-54,Males,Low Harm,7109
2017,June,50-54,Males,Medium Harm,1745
2017,June,50-54,People,High Harm,1828
2017,June,50-54,People,Low Harm,12081
2017,June,50-54,People,Medium Harm,3168
2017,June,55-59,Females,High Harm,504
2017,June,55-59,Females,Low Harm,3954
2017,June,55-59,Females,Medium Harm,976
2017,June,55-59,Males,High Harm,665
2017,June,55-59,Males,Low Harm,6005
2017,June,55-59,Males,Medium Harm,1505
2017,June,55-59,People,High Harm,1175
2017,June,55-59,People,Low Harm,10016
2017,June,55-59,People,Medium Harm,2494
2017,June,60-64,Females,High Harm,266
2017,June,60-64,Females,Low Harm,2821
2017,June,60-64,Females,Medium Harm,593
2017,June,60-64,Males,High Harm,430
2017,June,60-64,Males,Low Harm,4653
2017,June,60-64,Males,Medium Harm,1028
2017,June,60-64,People,High Harm,699
2017,June,60-64,People,Low Harm,7507
2017,June,60-64,People,Medium Harm,1628
2017,June,65-69,Females,High Harm,202
2017,June,65-69,Females,Low Harm,2071
2017,June,65-69,Females,Medium Harm,408
2017,June,65-69,Males,High Harm,265
2017,June,65-69,Males,Low Harm,3426
2017,June,65-69,Males,Medium Harm,726
2017,June,65-69,People,High Harm,468
2017,June,65-69,People,Low Harm,5536
2017,June,65-69,People,Medium Harm,1139
2017,June,70-74,Females,High Harm,112
2017,June,70-74,Females,Low Harm,1257
2017,June,70-74,Females,Medium Harm,285
2017,June,70-74,Males,High Harm,157
2017,June,70-74,Males,Low Harm,2183
2017,June,70-74,Males,Medium Harm,416
2017,June,70-74,People,High Harm,271
2017,June,70-74,People,Low Harm,3467
2017,June,70-74,People,Medium Harm,705
2017,June,75+,Females,High Harm,258
2017,June,75+,Females,Low Harm,1826
2017,June,75+,Females,Medium Harm,328
2017,June,75+,Males,High Harm,185
2017,June,75+,Males,Low Harm,2254
2017,June,75+,Males,Medium Harm,435
2017,June,75+,People,High Harm,448
2017,June,75+,People,Low Harm,4109
2017,June,75+,People,Medium Harm,772
2017,June,Total,Females,High Harm,17018
2017,June,Total,Females,Low Harm,62475
2017,June,Total,Females,Medium Harm,23254
2017,June,Total,Males,High Harm,16706
2017,June,Total,Males,Low Harm,86471
2017,June,Total,Males,Medium Harm,25568
2017,June,Total,People,High Harm,33914
2017,June,Total,People,Low Harm,152449
2017,June,Total,People,Medium Harm,49518
2016,June,0-4,Females,High Harm,268
2016,June,0-4,Females,Low Harm,34
2016,June,0-4,Females,Medium Harm,144
2016,June,0-4,Males,High Harm,220
2016,June,0-4,Males,Low Harm,49
2016,June,0-4,Males,Medium Harm,198
2016,June,0-4,People,High Harm,488
2016,June,0-4,People,Low Harm,83
2016,June,0-4,People,Medium Harm,343
2016,June,5-9,Females,High Harm,459
2016,June,5-9,Females,Low Harm,25
2016,June,5-9,Females,Medium Harm,363
2016,June,5-9,Males,High Harm,390
2016,June,5-9,Males,Low Harm,44
2016,June,5-9,Males,Medium Harm,509
2016,June,5-9,People,High Harm,849
2016,June,5-9,People,Low Harm,69
2016,June,5-9,People,Medium Harm,872
2016,June,10-14,Females,High Harm,1269
2016,June,10-14,Females,Low Harm,200
2016,June,10-14,Females,Medium Harm,845
2016,June,10-14,Males,High Harm,703
2016,June,10-14,Males,Low Harm,421
2016,June,10-14,Males,Medium Harm,800
2016,June,10-14,People,High Harm,1972
2016,June,10-14,People,Low Harm,621
2016,June,10-14,People,Medium Harm,1645
2016,June,15-17,Females,High Harm,1398
2016,June,15-17,Females,Low Harm,596
2016,June,15-17,Females,Medium Harm,893
2016,June,15-17,Males,High Harm,855
2016,June,15-17,Males,Low Harm,817
2016,June,15-17,Males,Medium Harm,731
2016,June,15-17,People,High Harm,2253
2016,June,15-17,People,Low Harm,1414
2016,June,15-17,People,Medium Harm,1624
2016,June,18-19,Females,High Harm,787
2016,June,18-19,Females,Low Harm,1672
2016,June,18-19,Females,Medium Harm,737
2016,June,18-19,Males,High Harm,662
2016,June,18-19,Males,Low Harm,1813
2016,June,18-19,Males,Medium Harm,764
2016,June,18-19,People,High Harm,1449
2016,June,18-19,People,Low Harm,3486
2016,June,18-19,People,Medium Harm,1501
2016,June,20-24,Females,High Harm,2134
2016,June,20-24,Females,Low Harm,6910
2016,June,20-24,Females,Medium Harm,2840
2016,June,20-24,Males,High Harm,1976
2016,June,20-24,Males,Low Harm,8063
2016,June,20-24,Males,Medium Harm,2753
2016,June,20-24,People,High Harm,4110
2016,June,20-24,People,Low Harm,14974
2016,June,20-24,People,Medium Harm,5594
2016,June,25-29,Females,High Harm,2208
2016,June,25-29,Females,Low Harm,8003
2016,June,25-29,Females,Medium Harm,3094
2016,June,25-29,Males,High Harm,2062
2016,June,25-29,Males,Low Harm,11032
2016,June,25-29,Males,Medium Harm,3137
2016,June,25-29,People,High Harm,4270
2016,June,25-29,People,Low Harm,19036
2016,June,25-29,People,Medium Harm,6231
2016,June,30-34,Females,High Harm,1609
2016,June,30-34,Females,Low Harm,7430
2016,June,30-34,Females,Medium Harm,2789
2016,June,30-34,Males,High Harm,1818
2016,June,30-34,Males,Low Harm,11113
2016,June,30-34,Males,Medium Harm,2925
2016,June,30-34,People,High Harm,3427
2016,June,30-34,People,Low Harm,18543
2016,June,30-34,People,Medium Harm,5714
2016,June,35-39,Females,High Harm,1400
2016,June,35-39,Females,Low Harm,6424
2016,June,35-39,Females,Medium Harm,2363
2016,June,35-39,Males,High Harm,1526
2016,June,35-39,Males,Low Harm,9249
2016,June,35-39,Males,Medium Harm,2288
2016,June,35-39,People,High Harm,2926
2016,June,35-39,People,Low Harm,15677
2016,June,35-39,People,Medium Harm,4651
2016,June,40-44,Females,High Harm,1364
2016,June,40-44,Females,Low Harm,6618
2016,June,40-44,Females,Medium Harm,2268
2016,June,40-44,Males,High Harm,1415
2016,June,40-44,Males,Low Harm,8877
2016,June,40-44,Males,Medium Harm,2250
2016,June,40-44,People,High Harm,2779
2016,June,40-44,People,Low Harm,15499
2016,June,40-44,People,Medium Harm,4519
2016,June,45-49,Females,High Harm,1060
2016,June,45-49,Females,Low Harm,5937
2016,June,45-49,Females,Medium Harm,1832
2016,June,45-49,Males,High Harm,1287
2016,June,45-49,Males,Low Harm,8216
2016,June,45-49,Males,Medium Harm,2136
2016,June,45-49,People,High Harm,2348
2016,June,45-49,People,Low Harm,14174
2016,June,45-49,People,Medium Harm,3971
2016,June,50-54,Females,High Harm,733
2016,June,50-54,Females,Low Harm,4851
2016,June,50-54,Females,Medium Harm,1409
2016,June,50-54,Males,High Harm,1010
2016,June,50-54,Males,Low Harm,7129
2016,June,50-54,Males,Medium Harm,1780
2016,June,50-54,People,High Harm,1744
2016,June,50-54,People,Low Harm,12013
2016,June,50-54,People,Medium Harm,3196
2016,June,55-59,Females,High Harm,452
2016,June,55-59,Females,Low Harm,3915
2016,June,55-59,Females,Medium Harm,1007
2016,June,55-59,Males,High Harm,639
2016,June,55-59,Males,Low Harm,5971
2016,June,55-59,Males,Medium Harm,1444
2016,June,55-59,People,High Harm,1094
2016,June,55-59,People,Low Harm,9921
2016,June,55-59,People,Medium Harm,2460
2016,June,60-64,Females,High Harm,278
2016,June,60-64,Females,Low Harm,2722
2016,June,60-64,Females,Medium Harm,662
2016,June,60-64,Males,High Harm,411
2016,June,60-64,Males,Low Harm,4806
2016,June,60-64,Males,Medium Harm,978
2016,June,60-64,People,High Harm,691
2016,June,60-64,People,Low Harm,7553
2016,June,60-64,People,Medium Harm,1641
2016,June,65-69,Females,High Harm,183
2016,June,65-69,Females,Low Harm,2161
2016,June,65-69,Females,Medium Harm,418
2016,June,65-69,Males,High Harm,267
2016,June,65-69,Males,Low Harm,3487
2016,June,65-69,Males,Medium Harm,688
2016,June,65-69,People,High Harm,452
2016,June,65-69,People,Low Harm,5663
2016,June,65-69,People,Medium Harm,1110
2016,June,70-74,Females,High Harm,112
2016,June,70-74,Females,Low Harm,1239
2016,June,70-74,Females,Medium Harm,223
2016,June,70-74,Males,High Harm,143
2016,June,70-74,Males,Low Harm,2001
2016,June,70-74,Males,Medium Harm,432
2016,June,70-74,People,High Harm,255
2016,June,70-74,People,Low Harm,3250
2016,June,70-74,People,Medium Harm,656
2016,June,75+,Females,High Harm,213
2016,June,75+,Females,Low Harm,1803
2016,June,75+,Females,Medium Harm,305
2016,June,75+,Males,High Harm,160
2016,June,75+,Males,Low Harm,2214
2016,June,75+,Males,Medium Harm,430
2016,June,75+,People,High Harm,374
2016,June,75+,People,Low Harm,4038
2016,June,75+,People,Medium Harm,740
2016,June,Total,Females,High Harm,16140
2016,June,Total,Females,Low Harm,62023
2016,June,Total,Females,Medium Harm,22612
2016,June,Total,Males,High Harm,15788
2016,June,Total,Males,Low Harm,87059
2016,June,Total,Males,Medium Harm,24670
2016,June,Total,People,High Harm,32400
2016,June,Total,People,Low Harm,153538
2016,June,Total,People,Medium Harm,48378
2015,June,0-4,Females,High Harm,199
2015,June,0-4,Females,Low Harm,38
2015,June,0-4,Females,Medium Harm,97
2015,June,0-4,Males,High Harm,167
2015,June,0-4,Males,Low Harm,49
2015,June,0-4,Males,Medium Harm,129
2015,June,0-4,People,High Harm,366
2015,June,0-4,People,Low Harm,87
2015,June,0-4,People,Medium Harm,226
2015,June,5-9,Females,High Harm,379
2015,June,5-9,Females,Low Harm,10
2015,June,5-9,Females,Medium Harm,215
2015,June,5-9,Males,High Harm,356
2015,June,5-9,Males,Low Harm,52
2015,June,5-9,Males,Medium Harm,268
2015,June,5-9,People,High Harm,735
2015,June,5-9,People,Low Harm,62
2015,June,5-9,People,Medium Harm,483
2015,June,10-14,Females,High Harm,1101
2015,June,10-14,Females,Low Harm,161
2015,June,10-14,Females,Medium Harm,586
2015,June,10-14,Males,High Harm,641
2015,June,10-14,Males,Low Harm,398
2015,June,10-14,Males,Medium Harm,582
2015,June,10-14,People,High Harm,1743
2015,June,10-14,People,Low Harm,559
2015,June,10-14,People,Medium Harm,1168
2015,June,15-17,Females,High Harm,1229
2015,June,15-17,Females,Low Harm,594
2015,June,15-17,Females,Medium Harm,742
2015,June,15-17,Males,High Harm,881
2015,June,15-17,Males,Low Harm,753
2015,June,15-17,Males,Medium Harm,606
2015,June,15-17,People,High Harm,2110
2015,June,15-17,People,Low Harm,1347
2015,June,15-17,People,Medium Harm,1348
2015,June,18-19,Females,High Harm,702
2015,June,18-19,Females,Low Harm,1571
2015,June,18-19,Females,Medium Harm,787
2015,June,18-19,Males,High Harm,594
2015,June,18-19,Males,Low Harm,1740
2015,June,18-19,Males,Medium Harm,654
2015,June,18-19,People,High Harm,1296
2015,June,18-19,People,Low Harm,3311
2015,June,18-19,People,Medium Harm,1441
2015,June,20-24,Females,High Harm,1934
2015,June,20-24,Females,Low Harm,6522
2015,June,20-24,Females,Medium Harm,2594
2015,June,20-24,Males,High Harm,1878
2015,June,20-24,Males,Low Harm,7449
2015,June,20-24,Males,Medium Harm,2394
2015,June,20-24,People,High Harm,3813
2015,June,20-24,People,Low Harm,13971
2015,June,20-24,People,Medium Harm,4990
2015,June,25-29,Females,High Harm,1860
2015,June,25-29,Females,Low Harm,7187
2015,June,25-29,Females,Medium Harm,2594
2015,June,25-29,Males,High Harm,2144
2015,June,25-29,Males,Low Harm,9816
2015,June,25-29,Males,Medium Harm,2741
2015,June,25-29,People,High Harm,4004
2015,June,25-29,People,Low Harm,17007
2015,June,25-29,People,Medium Harm,5335
2015,June,30-34,Females,High Harm,1680
2015,June,30-34,Females,Low Harm,6537
2015,June,30-34,Females,Medium Harm,2383
2015,June,30-34,Males,High Harm,1684
2015,June,30-34,Males,Low Harm,9290
2015,June,30-34,Males,Medium Harm,2314
2015,June,30-34,People,High Harm,3364
2015,June,30-34,People,Low Harm,15833
2015,June,30-34,People,Medium Harm,4698
2015,June,35-39,Females,High Harm,1301
2015,June,35-39,Females,Low Harm,5927
2015,June,35-39,Females,Medium Harm,2099
2015,June,35-39,Males,High Harm,1325
2015,June,35-39,Males,Low Harm,8114
2015,June,35-39,Males,Medium Harm,2012
2015,June,35-39,People,High Harm,2626
2015,June,35-39,People,Low Harm,14042
2015,June,35-39,People,Medium Harm,4111
2015,June,40-44,Females,High Harm,1212
2015,June,40-44,Females,Low Harm,6159
2015,June,40-44,Females,Medium Harm,2011
2015,June,40-44,Males,High Harm,1345
2015,June,40-44,Males,Low Harm,8117
2015,June,40-44,Males,Medium Harm,1987
2015,June,40-44,People,High Harm,2558
2015,June,40-44,People,Low Harm,14277
2015,June,40-44,People,Medium Harm,3998
2015,June,45-49,Females,High Harm,866
2015,June,45-49,Females,Low Harm,5148
2015,June,45-49,Females,Medium Harm,1676
2015,June,45-49,Males,High Harm,1194
2015,June,45-49,Males,Low Harm,7114
2015,June,45-49,Males,Medium Harm,1768
2015,June,45-49,People,High Harm,2060
2015,June,45-49,People,Low Harm,12263
2015,June,45-49,People,Medium Harm,3444
2015,June,50-54,Females,High Harm,641
2015,June,50-54,Females,Low Harm,4362
2015,June,50-54,Females,Medium Harm,1142
2015,June,50-54,Males,High Harm,886
2015,June,50-54,Males,Low Harm,6385
2015,June,50-54,Males,Medium Harm,1510
2015,June,50-54,People,High Harm,1530
2015,June,50-54,People,Low Harm,10748
2015,June,50-54,People,Medium Harm,2652
2015,June,55-59,Females,High Harm,416
2015,June,55-59,Females,Low Harm,3420
2015,June,55-59,Females,Medium Harm,784
2015,June,55-59,Males,High Harm,585
2015,June,55-59,Males,Low Harm,5339
2015,June,55-59,Males,Medium Harm,1132
2015,June,55-59,People,High Harm,1001
2015,June,55-59,People,Low Harm,8762
2015,June,55-59,People,Medium Harm,1917
2015,June,60-64,Females,High Harm,247
2015,June,60-64,Females,Low Harm,2573
2015,June,60-64,Females,Medium Harm,556
2015,June,60-64,Males,High Harm,342
2015,June,60-64,Males,Low Harm,4171
2015,June,60-64,Males,Medium Harm,819
2015,June,60-64,People,High Harm,589
2015,June,60-64,People,Low Harm,6745
2015,June,60-64,People,Medium Harm,1375
2015,June,65-69,Females,High Harm,119
2015,June,65-69,Females,Low Harm,1735
2015,June,65-69,Females,Medium Harm,335
2015,June,65-69,Males,High Harm,214
2015,June,65-69,Males,Low Harm,3118
2015,June,65-69,Males,Medium Harm,565
2015,June,65-69,People,High Harm,333
2015,June,65-69,People,Low Harm,4853
2015,June,65-69,People,Medium Harm,901
2015,June,70-74,Females,High Harm,69
2015,June,70-74,Females,Low Harm,1043
2015,June,70-74,Females,Medium Harm,170
2015,June,70-74,Males,High Harm,106
2015,June,70-74,Males,Low Harm,1729
2015,June,70-74,Males,Medium Harm,289
2015,June,70-74,People,High Harm,175
2015,June,70-74,People,Low Harm,2772
2015,June,70-74,People,Medium Harm,459
2015,June,75+,Females,High Harm,182
2015,June,75+,Females,Low Harm,1843
2015,June,75+,Females,Medium Harm,244
2015,June,75+,Males,High Harm,137
2015,June,75+,Males,Low Harm,1998
2015,June,75+,Males,Medium Harm,359
2015,June,75+,People,High Harm,319
2015,June,75+,People,Low Harm,3843
2015,June,75+,People,Medium Harm,603
2015,June,Total,Females,High Harm,14378
2015,June,Total,Females,Low Harm,56249
2015,June,Total,Females,Medium Harm,19376
2015,June,Total,Males,High Harm,14699
2015,June,Total,Males,Low Harm,77349
2015,June,Total,Males,Medium Harm,20457
2015,June,Total,People,High Harm,29498
2015,June,Total,People,Low Harm,137151
2015,June,Total,People,Medium Harm,40700
2014,June,0-4,Females,High Harm,252
2014,June,0-4,Females,Low Harm,31
2014,June,0-4,Females,Medium Harm,97
2014,June,0-4,Males,High Harm,174
2014,June,0-4,Males,Low Harm,32
2014,June,0-4,Males,Medium Harm,135
2014,June,0-4,People,High Harm,426
2014,June,0-4,People,Low Harm,63
2014,June,0-4,People,Medium Harm,233
2014,June,5-9,Females,High Harm,431
2014,June,5-9,Females,Low Harm,18
2014,June,5-9,Females,Medium Harm,174
2014,June,5-9,Males,High Harm,338
2014,June,5-9,Males,Low Harm,48
2014,June,5-9,Males,Medium Harm,264
2014,June,5-9,People,High Harm,770
2014,June,5-9,People,Low Harm,67
2014,June,5-9,People,Medium Harm,438
2014,June,10-14,Females,High Harm,1041
2014,June,10-14,Females,Low Harm,261
2014,June,10-14,Females,Medium Harm,613
2014,June,10-14,Males,High Harm,613
2014,June,10-14,Males,Low Harm,415
2014,June,10-14,Males,Medium Harm,601
2014,June,10-14,People,High Harm,1654
2014,June,10-14,People,Low Harm,679
2014,June,10-14,People,Medium Harm,1214
2014,June,15-17,Females,High Harm,1191
2014,June,15-17,Females,Low Harm,658
2014,June,15-17,Females,Medium Harm,782
2014,June,15-17,Males,High Harm,828
2014,June,15-17,Males,Low Harm,808
2014,June,15-17,Males,Medium Harm,592
2014,June,15-17,People,High Harm,2019
2014,June,15-17,People,Low Harm,1466
2014,June,15-17,People,Medium Harm,1374
2014,June,18-19,Females,High Harm,822
2014,June,18-19,Females,Low Harm,1733
2014,June,18-19,Females,Medium Harm,859
2014,June,18-19,Males,High Harm,809
2014,June,18-19,Males,Low Harm,1866
2014,June,18-19,Males,Medium Harm,684
2014,June,18-19,People,High Harm,1631
2014,June,18-19,People,Low Harm,3599
2014,June,18-19,People,Medium Harm,1543
2014,June,20-24,Females,High Harm,1969
2014,June,20-24,Females,Low Harm,6887
2014,June,20-24,Females,Medium Harm,2479
2014,June,20-24,Males,High Harm,2073
2014,June,20-24,Males,Low Harm,7322
2014,June,20-24,Males,Medium Harm,2413
2014,June,20-24,People,High Harm,4042
2014,June,20-24,People,Low Harm,14212
2014,June,20-24,People,Medium Harm,4892
2014,June,25-29,Females,High Harm,1808
2014,June,25-29,Females,Low Harm,7200
2014,June,25-29,Females,Medium Harm,2461
2014,June,25-29,Males,High Harm,2187
2014,June,25-29,Males,Low Harm,9469
2014,June,25-29,Males,Medium Harm,2802
2014,June,25-29,People,High Harm,3996
2014,June,25-29,People,Low Harm,16674
2014,June,25-29,People,Medium Harm,5266
2014,June,30-34,Females,High Harm,1567
2014,June,30-34,Females,Low Harm,6537
2014,June,30-34,Females,Medium Harm,2128
2014,June,30-34,Males,High Harm,1685
2014,June,30-34,Males,Low Harm,8933
2014,June,30-34,Males,Medium Harm,2290
2014,June,30-34,People,High Harm,3253
2014,June,30-34,People,Low Harm,15474
2014,June,30-34,People,Medium Harm,4418
2014,June,35-39,Females,High Harm,1268
2014,June,35-39,Females,Low Harm,5949
2014,June,35-39,Females,Medium Harm,2017
2014,June,35-39,Males,High Harm,1348
2014,June,35-39,Males,Low Harm,7891
2014,June,35-39,Males,Medium Harm,1947
2014,June,35-39,People,High Harm,2616
2014,June,35-39,People,Low Harm,13842
2014,June,35-39,People,Medium Harm,3964
2014,June,40-44,Females,High Harm,1230
2014,June,40-44,Females,Low Harm,6394
2014,June,40-44,Females,Medium Harm,1996
2014,June,40-44,Males,High Harm,1396
2014,June,40-44,Males,Low Harm,8115
2014,June,40-44,Males,Medium Harm,1927
2014,June,40-44,People,High Harm,2626
2014,June,40-44,People,Low Harm,14510
2014,June,40-44,People,Medium Harm,3923
2014,June,45-49,Females,High Harm,878
2014,June,45-49,Females,Low Harm,5386
2014,June,45-49,Females,Medium Harm,1556
2014,June,45-49,Males,High Harm,1113
2014,June,45-49,Males,Low Harm,7063
2014,June,45-49,Males,Medium Harm,1638
2014,June,45-49,People,High Harm,1991
2014,June,45-49,People,Low Harm,12449
2014,June,45-49,People,Medium Harm,3194
2014,June,50-54,Females,High Harm,575
2014,June,50-54,Females,Low Harm,4308
2014,June,50-54,Females,Medium Harm,1127
2014,June,50-54,Males,High Harm,861
2014,June,50-54,Males,Low Harm,6372
2014,June,50-54,Males,Medium Harm,1432
2014,June,50-54,People,High Harm,1436
2014,June,50-54,People,Low Harm,10682
2014,June,50-54,People,Medium Harm,2560
2014,June,55-59,Females,High Harm,368
2014,June,55-59,Females,Low Harm,3642
2014,June,55-59,Females,Medium Harm,767
2014,June,55-59,Males,High Harm,573
2014,June,55-59,Males,Low Harm,5123
2014,June,55-59,Males,Medium Harm,1073
2014,June,55-59,People,High Harm,941
2014,June,55-59,People,Low Harm,8765
2014,June,55-59,People,Medium Harm,1840
2014,June,60-64,Females,High Harm,197
2014,June,60-64,Females,Low Harm,2569
2014,June,60-64,Females,Medium Harm,447
2014,June,60-64,Males,High Harm,324
2014,June,60-64,Males,Low Harm,4055
2014,June,60-64,Males,Medium Harm,787
2014,June,60-64,People,High Harm,521
2014,June,60-64,People,Low Harm,6624
2014,June,60-64,People,Medium Harm,1234
2014,June,65-69,Females,High Harm,126
2014,June,65-69,Females,Low Harm,1743
2014,June,65-69,Females,Medium Harm,303
2014,June,65-69,Males,High Harm,201
2014,June,65-69,Males,Low Harm,2943
2014,June,65-69,Males,Medium Harm,533
2014,June,65-69,People,High Harm,327
2014,June,65-69,People,Low Harm,4686
2014,June,65-69,People,Medium Harm,836
2014,June,70-74,Females,High Harm,75
2014,June,70-74,Females,Low Harm,1057
2014,June,70-74,Females,Medium Harm,168
2014,June,70-74,Males,High Harm,104
2014,June,70-74,Males,Low Harm,1672
2014,June,70-74,Males,Medium Harm,288
2014,June,70-74,People,High Harm,179
2014,June,70-74,People,Low Harm,2729
2014,June,70-74,People,Medium Harm,456
2014,June,75+,Females,High Harm,180
2014,June,75+,Females,Low Harm,1773
2014,June,75+,Females,Medium Harm,240
2014,June,75+,Males,High Harm,117
2014,June,75+,Males,Low Harm,1884
2014,June,75+,Males,Medium Harm,314
2014,June,75+,People,High Harm,297
2014,June,75+,People,Low Harm,3658
2014,June,75+,People,Medium Harm,554
2014,June,Total,Females,High Harm,14203
2014,June,Total,Females,Low Harm,57569
2014,June,Total,Females,Medium Harm,18556
2014,June,Total,Males,High Harm,14970
2014,June,Total,Males,Low Harm,75630
2014,June,Total,Males,Medium Harm,20041
2014,June,Total,People,High Harm,29574
2014,June,Total,People,Low Harm,136325
2014,June,Total,People,Medium Harm,39445
2013,June,0-4,Females,High Harm,230
2013,June,0-4,Females,Low Harm,33
2013,June,0-4,Females,Medium Harm,103
2013,June,0-4,Males,High Harm,186
2013,June,0-4,Males,Low Harm,54
2013,June,0-4,Males,Medium Harm,110
2013,June,0-4,People,High Harm,416
2013,June,0-4,People,Low Harm,87
2013,June,0-4,People,Medium Harm,213
2013,June,5-9,Females,High Harm,379
2013,June,5-9,Females,Low Harm,23
2013,June,5-9,Females,Medium Harm,177
2013,June,5-9,Males,High Harm,352
2013,June,5-9,Males,Low Harm,38
2013,June,5-9,Males,Medium Harm,278
2013,June,5-9,People,High Harm,732
2013,June,5-9,People,Low Harm,61
2013,June,5-9,People,Medium Harm,455
2013,June,10-14,Females,High Harm,1106
2013,June,10-14,Females,Low Harm,261
2013,June,10-14,Females,Medium Harm,615
2013,June,10-14,Males,High Harm,691
2013,June,10-14,Males,Low Harm,448
2013,June,10-14,Males,Medium Harm,542
2013,June,10-14,People,High Harm,1797
2013,June,10-14,People,Low Harm,711
2013,June,10-14,People,Medium Harm,1158
2013,June,15-17,Females,High Harm,1272
2013,June,15-17,Females,Low Harm,763
2013,June,15-17,Females,Medium Harm,809
2013,June,15-17,Males,High Harm,933
2013,June,15-17,Males,Low Harm,909
2013,June,15-17,Males,Medium Harm,609
2013,June,15-17,People,High Harm,2206
2013,June,15-17,People,Low Harm,1672
2013,June,15-17,People,Medium Harm,1419
2013,June,18-19,Females,High Harm,780
2013,June,18-19,Females,Low Harm,1966
2013,June,18-19,Females,Medium Harm,790
2013,June,18-19,Males,High Harm,865
2013,June,18-19,Males,Low Harm,1891
2013,June,18-19,Males,Medium Harm,724
2013,June,18-19,People,High Harm,1646
2013,June,18-19,People,Low Harm,3860
2013,June,18-19,People,Medium Harm,1515
2013,June,20-24,Females,High Harm,2132
2013,June,20-24,Females,Low Harm,7185
2013,June,20-24,Females,Medium Harm,2327
2013,June,20-24,Males,High Harm,2324
2013,June,20-24,Males,Low Harm,7276
2013,June,20-24,Males,Medium Harm,2262
2013,June,20-24,People,High Harm,4465
2013,June,20-24,People,Low Harm,14489
2013,June,20-24,People,Medium Harm,4595
2013,June,25-29,Females,High Harm,1845
2013,June,25-29,Females,Low Harm,7042
2013,June,25-29,Females,Medium Harm,2204
2013,June,25-29,Males,High Harm,2136
2013,June,25-29,Males,Low Harm,9250
2013,June,25-29,Males,Medium Harm,2593
2013,June,25-29,People,High Harm,3985
2013,June,25-29,People,Low Harm,16327
2013,June,25-29,People,Medium Harm,4806
2013,June,30-34,Females,High Harm,1489
2013,June,30-34,Females,Low Harm,6232
2013,June,30-34,Females,Medium Harm,2094
2013,June,30-34,Males,High Harm,1720
2013,June,30-34,Males,Low Harm,8360
2013,June,30-34,Males,Medium Harm,2073
2013,June,30-34,People,High Harm,3209
2013,June,30-34,People,Low Harm,14626
2013,June,30-34,People,Medium Harm,4173
2013,June,35-39,Females,High Harm,1289
2013,June,35-39,Females,Low Harm,5987
2013,June,35-39,Females,Medium Harm,1973
2013,June,35-39,Males,High Harm,1379
2013,June,35-39,Males,Low Harm,7686
2013,June,35-39,Males,Medium Harm,1875
2013,June,35-39,People,High Harm,2668
2013,June,35-39,People,Low Harm,13698
2013,June,35-39,People,Medium Harm,3854
2013,June,40-44,Females,High Harm,1180
2013,June,40-44,Females,Low Harm,6208
2013,June,40-44,Females,Medium Harm,1720
2013,June,40-44,Males,High Harm,1400
2013,June,40-44,Males,Low Harm,7857
2013,June,40-44,Males,Medium Harm,1864
2013,June,40-44,People,High Harm,2582
2013,June,40-44,People,Low Harm,14104
2013,June,40-44,People,Medium Harm,3591
2013,June,45-49,Females,High Harm,834
2013,June,45-49,Females,Low Harm,5061
2013,June,45-49,Females,Medium Harm,1424
2013,June,45-49,Males,High Harm,1045
2013,June,45-49,Males,Low Harm,6913
2013,June,45-49,Males,Medium Harm,1655
2013,June,45-49,People,High Harm,1881
2013,June,45-49,People,Low Harm,12009
2013,June,45-49,People,Medium Harm,3091
2013,June,50-54,Females,High Harm,582
2013,June,50-54,Females,Low Harm,4142
2013,June,50-54,Females,Medium Harm,1013
2013,June,50-54,Males,High Harm,810
2013,June,50-54,Males,Low Harm,6210
2013,June,50-54,Males,Medium Harm,1277
2013,June,50-54,People,High Harm,1394
2013,June,50-54,People,Low Harm,10389
2013,June,50-54,People,Medium Harm,2300
2013,June,55-59,Females,High Harm,354
2013,June,55-59,Females,Low Harm,3250
2013,June,55-59,Females,Medium Harm,640
2013,June,55-59,Males,High Harm,511
2013,June,55-59,Males,Low Harm,5026
2013,June,55-59,Males,Medium Harm,989
2013,June,55-59,People,High Harm,867
2013,June,55-59,People,Low Harm,8310
2013,June,55-59,People,Medium Harm,1636
2013,June,60-64,Females,High Harm,193
2013,June,60-64,Females,Low Harm,2460
2013,June,60-64,Females,Medium Harm,432
2013,June,60-64,Males,High Harm,300
2013,June,60-64,Males,Low Harm,3944
2013,June,60-64,Males,Medium Harm,722
2013,June,60-64,People,High Harm,497
2013,June,60-64,People,Low Harm,6430
2013,June,60-64,People,Medium Harm,1154
2013,June,65-69,Females,High Harm,129
2013,June,65-69,Females,Low Harm,1576
2013,June,65-69,Females,Medium Harm,269
2013,June,65-69,Males,High Harm,196
2013,June,65-69,Males,Low Harm,2721
2013,June,65-69,Males,Medium Harm,521
2013,June,65-69,People,High Harm,326
2013,June,65-69,People,Low Harm,4318
2013,June,65-69,People,Medium Harm,793
2013,June,70-74,Females,High Harm,80
2013,June,70-74,Females,Low Harm,955
2013,June,70-74,Females,Medium Harm,139
2013,June,70-74,Males,High Harm,82
2013,June,70-74,Males,Low Harm,1555
2013,June,70-74,Males,Medium Harm,276
2013,June,70-74,People,High Harm,164
2013,June,70-74,People,Low Harm,2523
2013,June,70-74,People,Medium Harm,419
2013,June,75+,Females,High Harm,182
2013,June,75+,Females,Low Harm,1809
2013,June,75+,Females,Medium Harm,222
2013,June,75+,Males,High Harm,121
2013,June,75+,Males,Low Harm,1842
2013,June,75+,Males,Medium Harm,305
2013,June,75+,People,High Harm,305
2013,June,75+,People,Low Harm,3679
2013,June,75+,People,Medium Harm,531
2013,June,Total,Females,High Harm,14313
2013,June,Total,Females,Low Harm,56430
2013,June,Total,Females,Medium Harm,17260
2013,June,Total,Males,High Harm,15286
2013,June,Total,Males,Low Harm,73597
2013,June,Total,Males,Medium Harm,19043
2013,June,Total,People,High Harm,30084
2013,June,Total,People,Low Harm,133166
2013,June,Total,People,Medium Harm,37178
,,,,,
,,,,,
,,,,,
,,,,,
,,,,,
,,,,,
,,,,,
,,,,,
,,,,,
,,,,,
,,,,,
,,,,,
,,,,,
,,,,,
,,,,,
,,,,,
,,,,,
,,,,,
,,,,,
,,,,,
,,,,,
,,,,,
,,,,,
,,,,,
,,,,,
,,,,,
,,,,,
,,,,,
,,,,,
,,,,,
,,,,,
,,,,,
,,,,,
,,,,,
,,,,,
,,,,,
,,,,,
,,,,,
,,,,,
,,,,,
,,,,,
,,,,,
,,,,,
,,,,,
,,,,,
,,,,,
,,,,,
,,,,,
,,,,,
,,,,,
,,,,,
,,,,,
,,,,,
,,,,,
,,,,,
,,,,,
,,,,,
,,,,,
,,,,,
,,,,,
,,,,,
,,,,,
,,,,,
,,,,,
,,,,,
,,,,,
,,,,,
,,,,,
,,,,,
,,,,,
,,,,,
,,,,,
,,,,,
,,,,,
,,,,,
,,,,,
,,,,,
,,,,,
,,,,,
,,,,,
,,,,,
,,,,,
,,,,,
,,,,,
,,,,,
,,,,,
,,,,,
,,,,,
,,,,,
,,,,,
,,,,,
,,,,,
,,,,,
,,,,,
,,,,,
,,,,,
,,,,,
,,,,,
,,,,,
,,,,,
,,,,,
,,,,,
,,,,,
,,,,,
,,,,,
,,,,,
,,,,,
,,,,,
,,,,,
,,,,,
,,,,,
,,,,,
,,,,,
,,,,,
,,,,,
,,,,,
,,,,,
,,,,,
,,,,,
,,,,,
,,,,,
,,,,,
,,,,,
,,,,,
,,,,,
,,,,,
,,,,,
,,,,,
,,,,,
,,,,,
,,,,,
,,,,,
,,,,,
,,,,,
,,,,,
,,,,,
,,,,,
,,,,,
,,,,,
,,,,,
,,,,,
,,,,,
,,,,,
,,,,,
,,,,,
,,,,,
,,,,,
,,,,,
,,,,,
,,,,,
,,,,,
,,,,,
,,,,,
,,,,,
,,,,,
,,,,,
,,,,,
,,,,,
,,,,,
,,,,,
,,,,,
,,,,,
,,,,,
,,,,,
,,,,,
,,,,,
,,,,,
,,,,,
,,,,,
,,,,,
,,,,,
,,,,,
,,,,,
,,,,,
,,,,,
,,,,,
,,,,,
,,,,,
,,,,,
,,,,,
,,,,,
,,,,,
,,,,,
,,,,,
,,,,,
,,,,,
,,,,,
,,,,,
,,,,,
,,,,,
,,,,,
,,,,,
,,,,,
,,,,,
,,,,,
,,,,,
,,,,,
,,,,,
,,,,,
,,,,,
,,,,,
,,,,,
,,,,,
,,,,,
,,,,,
,,,,,
,,,,,
,,,,,
,,,,,
,,,,,
,,,,,
,,,,,
,,,,,
,,,,,
,,,,,
,,,,,
,,,,,
,,,,,
,,,,,
,,,,,
,,,,,
,,,,,
,,,,,
,,,,,
,,,,,
,,,,,
,,,,,
,,,,,
,,,,,
,,,,,
,,,,,
,,,,,
,,,,,
,,,,,
,,,,,
,,,,,
,,,,,
,,,,,
,,,,,
,,,,,
,,,,,
,,,,,
,,,,,
,,,,,
,,,,,
,,,,,
,,,,,
,,,,,
,,,,,
,,,,,
,,,,,
,,,,,
,,,,,
,,,,,
,,,,,
,,,,,
,,,,,
,,,,,
,,,,,
,,,,,
,,,,,
,,,,,
,,,,,
,,,,,
,,,,,
,,,,,
,,,,,
,,,,,
,,,,,
,,,,,
,,,,,
,,,,,
,,,,,
,,,,,
,,,,,
,,,,,
,,,,,
,,,,,
,,,,,
,,,,,
,,,,,
,,,,,
,,,,,
,,,,,
,,,,,
,,,,,
,,,,,
,,,,,
,,,,,
,,,,,
,,,,,
,,,,,
,,,,,
,,,,,
,,,,,
,,,,,
,,,,,
,,,,,
,,,,,
,,,,,
,,,,,
,,,,,
,,,,,
,,,,,
,,,,,
,,,,,
,,,,,
,,,,,
,,,,,
,,,,,
,,,,,
,,,,,
,,,,,
,,,,,
,,,,,
,,,,,
,,,,,
,,,,,
,,,,,
,,,,,
,,,,,
,,,,,
,,,,,
,,,,,
,,,,,
,,,,,
,,,,,
,,,,,
,,,,,
,,,,,
,,,,,
,,,,,
,,,,,
,,,,,
,,,,,
,,,,,
,,,,,
,,,,,
,,,,,
,,,,,
,,,,,
,,,,,
,,,,,
,,,,,
,,,,,
,,,,,
,,,,,
,,,,,
,,,,,
,,,,,
,,,,,
,,,,,
,,,,,
,,,,,
,,,,,
,,,,,
,,,,,
,,,,,
,,,,,
,,,,,
,,,,,
,,,,,
,,,,,
,,,,,
,,,,,
,,,,,
,,,,,
,,,,,
,,,,,
,,,,,
,,,,,
,,,,,
,,,,,
,,,,,
,,,,,
,,,,,
,,,,,
,,,,,
,,,,,
,,,,,
,,,,,
,,,,,
,,,,,
,,,,,
,,,,,
,,,,,
,,,,,
,,,,,
,,,,,
,,,,,
,,,,,
,,,,,
,,,,,
,,,,,
,,,,,
,,,,,
,,,,,
,,,,,
,,,,,
,,,,,
,,,,,
,,,,,
,,,,,
,,,,,
,,,,,
,,,,,
,,,,,
,,,,,
,,,,,
,,,,,
,,,,,
,,,,,
,,,,,
,,,,,
,,,,,
,,,,,
,,,,,
,,,,,
,,,,,
,,,,,
,,,,,
,,,,,
,,,,,
,,,,,
,,,,,
,,,,,
,,,,,
,,,,,
,,,,,
,,,,,
,,,,,
,,,,,
,,,,,
,,,,,
,,,,,
,,,,,
,,,,,
,,,,,
,,,,,
,,,,,
,,,,,
,,,,,
,,,,,
,,,,,
,,,,,
,,,,,
,,,,,
,,,,,
,,,,,
,,,,,
,,,,,
,,,,,
,,,,,
,,,,,
,,,,,
,,,,,
,,,,,
,,,,,
,,,,,
,,,,,
,,,,,
,,,,,
,,,,,
,,,,,
,,,,,
,,,,,
,,,,,
,,,,,
,,,,,
,,,,,
,,,,,
,,,,,
,,,,,
,,,,,
,,,,,
,,,,,
,,,,,
,,,,,
,,,,,
,,,,,
,,,,,
,,,,,
,,,,,
,,,,,
,,,,,
,,,,,
,,,,,
,,,,,
,,,,,
,,,,,
,,,,,
,,,,,
,,,,,
,,,,,
,,,,,
,,,,,
,,,,,
,,,,,
,,,,,
,,,,,
,,,,,
,,,,,
,,,,,
,,,,,
,,,,,
,,,,,
,,,,,
,,,,,
,,,,,
,,,,,
,,,,,
,,,,,
,,,,,
,,,,,
,,,,,
,,,,,
,,,,,
,,,,,
,,,,,
,,,,,
,,,,,
,,,,,
,,,,,
,,,,,
,,,,,
,,,,,
,,,,,
,,,,,
,,,,,
,,,,,
,,,,,
,,,,,
,,,,,
,,,,,
,,,,,
,,,,,
,,,,,
,,,,,
,,,,,
,,,,,
,,,,,
,,,,,
,,,,,
,,,,,
,,,,,
,,,,,
,,,,,
,,,,,
,,,,,
,,,,,
,,,,,
,,,,,
,,,,,
,,,,,
,,,,,
,,,,,
,,,,,
,,,,,
,,,,,
,,,,,
,,,,,
,,,,,
,,,,,
,,,,,
,,,,,
,,,,,
,,,,,
,,,,,
,,,,,
,,,,,
,,,,,
,,,,,
,,,,,
,,,,,
,,,,,
,,,,,
,,,,,
,,,,,
,,,,,
,,,,,
,,,,,
,,,,,
,,,,,
,,,,,
,,,,,
,,,,,
,,,,,
,,,,,
,,,,,
,,,,,
,,,,,
,,,,,
,,,,,
,,,,,
,,,,,
,,,,,
,,,,,
,,,,,
,,,,,
,,,,,
,,,,,
,,,,,
,,,,,
,,,,,
,,,,,
,,,,,
,,,,,
,,,,,
,,,,,
,,,,,
,,,,,
,,,,,
,,,,,
,,,,,
,,,,,
,,,,,
,,,,,
,,,,,
,,,,,
,,,,,
,,,,,
,,,,,
,,,,,
,,,,,
,,,,,
,,,,,
,,,,,
,,,,,
,,,,,
,,,,,
,,,,,
,,,,,
,,,,,
,,,,,
,,,,,
,,,,,
,,,,,
,,,,,
,,,,,
,,,,,
,,,,,
,,,,,
,,,,,
,,,,,
,,,,,
,,,,,
,,,,,
,,,,,
,,,,,
,,,,,
,,,,,
,,,,,
,,,,,
,,,,,
,,,,,
,,,,,
,,,,,
,,,,,
,,,,,
,,,,,
,,,,,
,,,,,
,,,,,
,,,,,
,,,,,
,,,,,
,,,,,
,,,,,
,,,,,
,,,,,
,,,,,
,,,,,
,,,,,
,,,,,
,,,,,
,,,,,
,,,,,
,,,,,
,,,,,
,,,,,
,,,,,
,,,,,
,,,,,
,,,,,
,,,,,
,,,,,
,,,,,
,,,,,
,,,,,
,,,,,
,,,,,
,,,,,
,,,,,
,,,,,
,,,,,
,,,,,
,,,,,
,,,,,
,,,,,
,,,,,
,,,,,
,,,,,
,,,,,
,,,,,
,,,,,
,,,,,
,,,,,
,,,,,
,,,,,
,,,,,
,,,,,
,,,,,
,,,,,
,,,,,
,,,,,
,,,,,
,,,,,
,,,,,
,,,,,
,,,,,
,,,,,
,,,,,
,,,,,
,,,,,
,,,,,
,,,,,
,,,,,
,,,,,
,,,,,
,,,,,
,,,,,
,,,,,
,,,,,
,,,,,
,,,,,
,,,,,
,,,,,
,,,,,
,,,,,
,,,,,
,,,,,
,,,,,
,,,,,
,,,,,
,,,,,
,,,,,
,,,,,
,,,,,
,,,,,
,,,,,
,,,,,
,,,,,
,,,,,
,,,,,
,,,,,
,,,,,
,,,,,
,,,,,
,,,,,
,,,,,
,,,,,
,,,,,
,,,,,
,,,,,
,,,,,
,,,,,
,,,,,
,,,,,
,,,,,
,,,,,
,,,,,
,,,,,
,,,,,
,,,,,
,,,,,
,,,,,
,,,,,
,,,,,
,,,,,
,,,,,
,,,,,
,,,,,
,,,,,
,,,,,
,,,,,
,,,,,
,,,,,
,,,,,
,,,,,
,,,,,
,,,,,
,,,,,
,,,,,
,,,,,
,,,,,
,,,,,
,,,,,
,,,,,
,,,,,
,,,,,
,,,,,
,,,,,
,,,,,
,,,,,
,,,,,
,,,,,
,,,,,
,,,,,
,,,,,
,,,,,
,,,,,
,,,,,
,,,,,
,,,,,
,,,,,
,,,,,
,,,,,
,,,,,
,,,,,
,,,,,
,,,,,
,,,,,
,,,,,
,,,,,
,,,,,
,,,,,
,,,,,
,,,,,
,,,,,
,,,,,
,,,,,
,,,,,
,,,,,
,,,,,
,,,,,
,,,,,
,,,,,
,,,,,
,,,,,
,,,,,
,,,,,
,,,,,
,,,,,
,,,,,
,,,,,
,,,,,
,,,,,
,,,,,
,,,,,
,,,,,
,,,,,
,,,,,
,,,,,
,,,,,
,,,,,
,,,,,
,,,,,
,,,,,
,,,,,
,,,,,
,,,,,
,,,,,
,,,,,
,,,,,
,,,,,
,,,,,
,,,,,
,,,,,
,,,,,
,,,,,
,,,,,
,,,,,
,,,,,
,,,,,
,,,,,
,,,,,
,,,,,
,,,,,
,,,,,
,,,,,
,,,,,
,,,,,
,,,,,
,,,,,
,,,,,
,,,,,
,,,,,
,,,,,
,,,,,
,,,,,
,,,,,
,,,,,
,,,,,
,,,,,
,,,,,
,,,,,
,,,,,
,,,,,
,,,,,
,,,,,
,,,,,
,,,,,
,,,,,
,,,,,
,,,,,
,,,,,
,,,,,
,,,,,
,,,,,
,,,,,
,,,,,
,,,,,
,,,,,
,,,,,
,,,,,
,,,,,
,,,,,
,,,,,
,,,,,
,,,,,
,,,,,
,,,,,
,,,,,
,,,,,
,,,,,
,,,,,
,,,,,
,,,,,
,,,,,
,,,,,
,,,,,
,,,,,
,,,,,
,,,,,
,,,,,
,,,,,
,,,,,
,,,,,
,,,,,
,,,,,
,,,,,
,,,,,
,,,,,
,,,,,
,,,,,
,,,,,
,,,,,
,,,,,
,,,,,
,,,,,
,,,,,
,,,,,
,,,,,
,,,,,
,,,,,
,,,,,
,,,,,
,,,,,
,,,,,
,,,,,
,,,,,
,,,,,
,,,,,
,,,,,
,,,,,
,,,,,
,,,,,
,,,,,
,,,,,
,,,,,
,,,,,
,,,,,
,,,,,
,,,,,
,,,,,
,,,,,
,,,,,
,,,,,
,,,,,
,,,,,
,,,,,
,,,,,
